{"status":200,"msg":"OK","datas":{"y":[0.793885763907339,0.832870804862585,0.727054396645632,0.865157828257419,0.798894256898668,0.821426146714948,0.748882739937864,0.742078905948903,0.871368877258617,0.834681406292133,0.74219076996902,0.781666081576142,0.871243079771753,0.854921149665956,0.83607464264147,0.824404350430705,0.888537861465011,0.797379401392303,0.883370746154804,0.759773129803129,0.857195007356349,0.770255046405364,0.7824668887835,0.837843318705913,0.815344516793732,0.801975448984653,0.890500897500198,0.773761185049079,0.824297968405299,0.880885732848197,0.850591727557126,0.891208832928445,0.848444259553216,0.896248257723637,0.819151060095057,0.830641704439186,0.79358940340206,0.826022041417658,0.875268315971829,0.929167079898529],"z":[0.79,0.79175,0.7935,0.79525,0.797,0.79875,0.8005,0.80225,0.804,0.80575,0.8075,0.80925,0.811,0.81275,0.8145,0.81625,0.818,0.81975,0.8215,0.82325,0.825,0.82675,0.8285,0.83025,0.832,0.83375,0.8355,0.83725,0.839,0.84075,0.8425,0.84425,0.846,0.84775,0.8495,0.85125,0.853,0.85475,0.8565,0.85825]}}