{"status":200,"msg":"OK","datas":{"y":[0.380990470453165,0.318438885125332,0.385199707809836,0.350246670776047,0.303520977110602,0.475829095645808,0.479869993279688,0.455239455618896,0.380290595743805,0.39551019674167,0.493245073995553,0.488152190160006,0.430879994531162,0.495972891742364,0.427784410943277,0.52868001532834,0.462090133407153,0.483374218920246,0.529968705185689,0.502567223911174,0.485087098582648,0.548364532354288,0.526884729715995,0.49280363197811,0.553642620416358,0.523993717968464,0.591475327035412,0.5546050545834,0.48438758203201,0.567638249937445,0.498600937785581,0.558142714264803,0.511768395344727,0.566799109237269,0.666172865694389,0.644418363488279,0.632683320824988,0.611756127633154,0.631061324513517,0.602684334758669],"z":[0.3565,0.363,0.3695,0.376,0.3825,0.389,0.3955,0.402,0.4085,0.415,0.4215,0.428,0.4345,0.441,0.4475,0.454,0.4605,0.467,0.4735,0.48,0.4865,0.493,0.4995,0.506,0.5125,0.519,0.5255,0.532,0.5385,0.545,0.5515,0.558,0.5645,0.571,0.5775,0.584,0.5905,0.597,0.6035,0.61]}}