{"status":200,"msg":"OK","datas":{"y":[0.109425281372853,0.160300484430976,0.158051616031677,0.125770614954643,0.183307877480984,0.170428555638529,0.165092979819514,0.174751441799104,0.163944499280304,0.191559685417451,0.153075035333633,0.187740454283543,0.218624532906339,0.144383027280681,0.24621944970917,0.277774343847297,0.199892663332634,0.270034329075366,0.223672052786686,0.26354185950011,0.227021287631243,0.19254199457448,0.241648343847133,0.211445995836519,0.290443909382448,0.234759633101523,0.234930334348232,0.225031766238622,0.252197210245766,0.344431814914569,0.234636558949016,0.24150220276881,0.287470067370683,0.339820383267477,0.291726979194209,0.279656476432458,0.279452993391082,0.352035506660119,0.402950431720354,0.336727493768558],"z":[0.12575,0.1315,0.13725,0.143,0.14875,0.1545,0.16025,0.166,0.17175,0.1775,0.18325,0.189,0.19475,0.2005,0.20625,0.212,0.21775,0.2235,0.22925,0.235,0.24075,0.2465,0.25225,0.258,0.26375,0.2695,0.27525,0.281,0.28675,0.2925,0.29825,0.304,0.30975,0.3155,0.32125,0.327,0.33275,0.3385,0.34425,0.35]}}