{"status":200,"msg":"OK","datas":[9.87257781485096,7.75908541819081,11.1005025484599,8.62286414150149,9.6699084659107,9.49371765991673,8.97054973430932,10.1973768440075,11.5588599219918,7.93275995645672,8.32858887175098,8.76138969464228,10.5801805390045,7.67719946000725,9.01684877052903,9.58508545504883,9.43131820345297,10.0538602168672,11.3567152172327,7.78938211733475,9.17876379843801,9.1540347263217,11.0347289300524,8.29516923790798,9.35851092971861,8.49573506386951,9.57514030579478,10.6227131295018,10.2574118915945,7.05396860744804,9.79316226672381,7.56568926014006,11.0305372999981,8.59161568842828,7.98787632873282,10.1039943301119,8.10136529803276,11.4091551946476,10.405677638948,7.34224620647728,9.48983697034419,9.01987759303302,10.6041913099587,7.40796959018335,9.32211714247242,8.94052078360692,8.75235089333728,10.1484151999466,10.6002047010697,7.03310349956155,8.27880374295637,9.02039444027469,10.8968467229977,7.13289140202105,8.70639716470614,9.63407767303288,9.78459379216656,11.4761424153112,11.4638296617195,7.66044774558395,9.50076369894668,7.51840723352507,9.96862582787871,7.74454275975004,8.28359144981951,8.43394630001858,8.95880362996832,10.9714170088992,11.8867944772355,8.35257053282112,9.85339425085112,9.4668028135784,11.7673834205605,8.63078468004242,9.13246169928461,8.50940531278029,9.77684456389397,10.8904423448257,11.4147406267002,8.93675299640745,8.07844702387229,7.96679447824135,11.5689610566013,8.27742302082479,9.41071776868776,8.9351362708956,9.77386900782585,11.5620441599749,10.2633220567368,7.75122583471239,9.79853316303343,7.62021241942421,11.480955960881,8.44280655533075,9.58421744648367,9.92048066873103,9.73520392552018,10.3074234784581,11.435760977678,8.82543139252812,8.9483419470489,8.21120209945366,11.4379744186997,8.94562262007967,9.86670180279762,9.78696656897664,8.13000787049532,11.0281510353088,10.4973367555067,8.78207724541426,8.52621720684692,8.88511461718008,11.6614801187068,7.51547127347439,8.64677991401404,8.92722640298307,8.45423337677494,11.282921386417,11.7610429734923,8.12444671895355,8.6071785823442,8.05905410042033,10.5116371300071,8.90201325798407,9.77335254345089,9.28295003734529,8.9812470190227,10.3235456128605,10.9980686288327,7.9356223247014,8.50865563517436,8.15147309843451,10.517500761617,7.20747997369617,8.33771140696481,10.0947557694279,9.20027584955096,11.9630275918171,10.8404439208098,7.35719835478812,9.34244018513709,7.81495161168277,10.1026935537346,7.97437961390242,9.44955840716139,9.8045107062906,9.83214176166803,11.9012376782484,10.7765588867478,8.79142360435799,8.40036612935364,8.21037551760674,10.840784991812,7.49195051183924,8.43146812273189,8.67944032531232,9.98612470226362,10.6682447372004,10.9831650746055,7.07512819347903,9.36250866577029,7.67608438199386,9.82023149793968,8.36742888707668,8.39544670153409,9.50930163608864,8.52835227921605,11.6298827007413,11.2006952362135,8.32816258491948,9.7147037605755,8.12500043865293,10.3031321807764,7.85195748824626,8.70673778243363,8.46165030933917,9.91536280978471,10.5952050616033,11.5362294176593,8.34667818434536,8.73666998231784,8.98042667238042,10.4488110711798,8.42115261396393,8.97200145581737,9.86235147733241,8.21545473532751,10.4958497225307,10.1215264201164,7.91573082609102,9.64370940439403,7.64155248040333,10.5548106899485,7.9978323941119,8.92621708856896,8.45313289826736,8.95959123503417,11.8422209871933,11.7289231251925,7.9711647182703]}