{"status":200,"msg":"OK","datas":[34.2502403140068,36.2559243658558,37.8834269756451,35.5771496074274,37.8847145646811,38.8814560957253,34.8596966013312,36.4531420355663,35.4343822078779,39.0591122552753,34.0858031596988,35.7438865639269,36.9870468251407,36.8928585743532,38.9536918226629,38.8859876694158,34.3432317379862,36.8470032002777,35.2884009225294,39.4719922438264,33.7624909853563,37.2214806767181,36.8268645947799,34.5476604390889,38.498436873965,38.7486534191296,34.0545528521761,36.0979857331142,36.56153689567,38.3282471081242,33.9101791212335,36.0458339532837,36.5826759340242,34.8061332195997,39.1477042322978,38.6425841186196,36.1245170168579,37.39846953284,37.0352729981765,38.0333545828238,34.7052916003391,35.0621613327414,35.9832479307428,36.6474534898996,37.966339555569,38.2900328105316,36.1078208932653,37.2933206027374,35.6285845229402,39.3487556712702,33.6566761493683,37.0418912291527,36.5677792854607,36.3537706062198,38.3943155271932,38.6528406238183,35.8227355288342,36.3889586715028,36.611843621172,39.749547797069,35.2855299336836,36.6520968001336,37.4795227140188,35.9374031335115,37.3225025171414,39.2426194924861,34.5288622600958,37.8358921054751,35.7915893446654,40.2640692155808,35.6118141688406,36.8039866024628,36.8571951199323,34.728126260452,37.9719507893547,40.1450029246509,36.1667355209589,36.7018214847892,36.9925862513483,38.6101759780198,35.8147591961548,36.1007986487821,37.6924442585558,35.3121019849554,38.0678322749212,38.070915190503,35.0203276719898,37.4113089254126,37.0017138186842,38.1388586485758,33.9125037917867,37.3453304771334,37.6689815955237,35.5545872189105,38.2511789726093,38.1911665158346,36.1918348064646,36.1048468992114,36.2830453744158,38.9552597720176,35.3683987900615,37.1388817667961,36.4512143094093,34.9358497889712,37.8709221748635,39.1776103578508,34.6587193749845,37.4074731664732,36.5260447414592,39.2305887291208,34.1308783566579,35.4501702280715,36.5813582284376,35.6479529030621,38.9805852930993,38.36014555078,34.7548597479239,36.1303791888058,36.925143504329,39.9864304820076,34.8604963989928,36.8670907735825,36.9755907159299,35.5292129924521,38.0814313316718,40.1777968050912,34.0883846016601,38.0986827775836,36.325807798095,39.3631479036063,33.8034659290686,36.1158417694271,35.6221012329683,36.1109799697995,37.7048677496612,38.1941737504676,34.3412647165358,37.3761276962236,36.4896841874346,38.1207318268716,33.6533119406551,35.1469117486849,35.6807359972969,36.4985382702202,39.3071243006736,39.752463696152,34.8140203470364,38.1289675353095,35.9882636299357,39.3955014659092,33.651786442101,36.9412993285805,36.5729317072779,35.5705484686419,38.4342665040866,38.3877758245915,36.0069794489071,38.1763659292832,36.5316738393158,39.6974504075944,34.9462839664891,36.0607588617131,36.3193549567834,35.2807544309646,39.1188681149855,39.0660866087303,34.9511180851609,37.6085537036881,36.8242079915479,39.7652035236359,34.6386502828449,36.2403432874009,37.2733007503673,36.7616891954094,37.6422464359552,39.4042213188484,35.6901861667633,36.3365592373535,35.6967392724007,38.0511150393635,34.3448277499527,36.5593474842608,37.0786947226152,36.7642492929474,38.0712676219642,38.8678710853681,35.2734549110755,36.1383710160851,35.1320266656578,40.3268887629733,35.2126659030095,36.4456581475213,36.6952274246141,36.1054389070719,38.0519781073555,39.9534921202809,35.4373981924728,35.9329763546586,35.7762798544019,38.0934169445187]}